1,2 Cool 2 Be 4gotten,"Drama,Reality-TV"
2,Solitary Confinement,"Horror,Reality-TV,Thriller"
3,The Lost Generation,"Game-Show,Reality-TV,Thriller"
4,Terrace House: Closing Door,"Reality-TV"
5,The Abolitionists: Searching for Gardy - Part 7,"Reality-TV"
6,The Great Pretender,"Reality-TV"
7,Perimeter,"Horror,Reality-TV,Thriller"
8,Sponsored Divas,"Reality-TV"
9,The Declassified,"Action,Comedy,Fantasy"
10,Tiny House,"Reality-TV"
11,My Song,"Music,Reality-TV"
12,Ronin Conurbano,"Comedy,Musical,Reality-TV"
13,Teenos Angels: Reality,"Reality-TV"
14,Markiplier Being Dumb on Stage in Front of 1000 People with Friends at PAX East,"Comedy,Reality-TV"
15,Fratmen Fratpad World Wide Tribute (Part 2),"Reality-TV"
16,My Sexy Frat Girl,"Reality-TV"
17,Travel Hacks: From Travel Channel Talent,"Reality-TV"
18,Going Vertical,"Reality-TV"
19,Art of Tina's Wedge Pixie Haircut!,"Reality-TV"
20,United Grand Lodge of Queensland Grand Installation,"Reality-TV"
21,Trash or Treasure Sizzle Reel,"Reality-TV"
22,Calling the Dead,"Reality-TV"
23,Drug Wars,"Reality-TV"
24,Fratpad Fratmen Ultimate Tribute: Part 2,"Reality-TV"
25,Omer Pasha World Premieres,"Reality-TV"
26,Words & Utopia #1 Stan Brakhage,"Reality-TV"
27,World Music & Independent Film Festival Awards 2013,"Music,Reality-TV"
28,5th Annual World Music & Independent Film Festival,"Reality-TV"
29,Mod Kids USA,"Reality-TV"
30,A Face of Change,"Reality-TV"
31,Canadian Fratboys Weekend Party,"Reality-TV"
32,Transparentna nespravodlivost: 1. diel, potrestani exekutori?!,"Reality-TV"
33,Project 730,"Reality-TV"
34,The Return of Christ Bash Series Volume 6,"Reality-TV"
35,The Return of Christ Bash Series Volume 7,"Reality-TV"
36,Rôkaru rosen basu noritsugi no tabi the Movie,"Reality-TV"
37,Skiringssal: The Movie,"Comedy,Drama,Reality-TV"
38,Writing on Ice,"Reality-TV"
39,The Return of Christ Bash Series Volume 12,"Reality-TV"
40,You Are Steam House Trilogy,"Reality-TV"
41,From Crystals to Castles,"Biography,Reality-TV"
42,S.O.P.I. Inc: Poasttown Elementary School,"Reality-TV"
43,Private Parties with College Men,"Musical,Reality-TV"
44,Tough Guys Groom,"Reality-TV"
45,UR Unique,"Reality-TV,Talk-Show"
46,7th WMIFF Awards,"Reality-TV"
47,Freshman Mushroom Project,"Drama,Fantasy,Mystery"
48,Raly Irani: Iranian Rally,"Reality-TV"
49,A Moment with Ladell Parks,"Reality-TV"
50,Art of Roxanne's Clippered Haircut,"Reality-TV"
51,Fantastic Beasts and Where to Find Them,"Adventure,Family,Fantasy"
52,Doctor Strange,"Action,Adventure,Fantasy"
53,Star Trek Into Darkness,"Action,Adventure,Sci-Fi"
54,The Martian,"Adventure,Drama,Sci-Fi"
55,Big Hero 6,"Animation,Action,Adventure"
56,Ted,"Comedy,Fantasy"
57,Madagascar 3: Europe's Most Wanted,"Animation,Adventure,Comedy"
58,The Lorax,"Animation,Adventure,Comedy"
59,Fast Five,"Action,Crime,Thriller"
60,Mission: Impossible - Ghost Protocol,"Action,Adventure,Thriller"
61,Dawn of the Planet of the Apes,"Action,Adventure,Drama"
62,Thor: The Dark World,"Action,Adventure,Fantasy"
63,The Amazing Spider-Man 2,"Action,Adventure,Sci-Fi"
64,World War Z,"Action,Adventure,Horror"
65,Cinderella,"Drama,Family,Fantasy"
66,Godzilla,"Action,Adventure,Sci-Fi"
67,Spectre,"Action,Adventure,Thriller"
68,Mission: Impossible - Rogue Nation,"Action,Adventure,Thriller"
69,22 Jump Street,"Action,Comedy,Crime"
70,Cars 2,"Animation,Adventure,Comedy"
71,Teenage Mutant Ninja Turtles,"Action,Adventure,Comedy"
72,Wreck-It Ralph,"Animation,Adventure,Comedy"
73,Interstellar,"Adventure,Drama,Sci-Fi"
74,The Croods,"Animation,Adventure,Comedy"
75,Sherlock Holmes: A Game of Shadows,"Action,Adventure,Crime"
76,Logan,"Action,Drama,Sci-Fi"
77,The Revenant,"Adventure,Drama,Thriller"
78,Pitch Perfect 2,"Comedy,Music"
79,Lincoln,"Biography,Drama,History"
80,Thor,"Action,Adventure,Fantasy"
81,Ant-Man,"Action,Adventure,Comedy"
82,Men in Black 3,"Action,Adventure,Comedy"
83,Home,"Animation,Adventure,Comedy"
84,How to Train Your Dragon 2,"Animation,Action,Adventure"
85,Rise of the Planet of the Apes,"Action,Drama,Sci-Fi"
86,Captain America: The First Avenger,"Action,Adventure,Sci-Fi"
87,Beauty and the Beast,"Family,Fantasy,Musical"
88,The Help,"Drama"
89,Hotel Transylvania 2,"Animation,Comedy,Family"
90,Bridesmaids,"Comedy,Romance"
91,Gone Girl,"Crime,Drama,Mystery"
92,The LEGO Batman Movie,"Animation,Action,Adventure"
93,Fifty Shades of Grey,"Drama,Romance,Thriller"
94,Hidden Figures,"Biography,Drama,History"
95,Kung Fu Panda 2,"Animation,Action,Adventure"
96,Django Unchained,"Drama,Western"
97,The SpongeBob Movie: Sponge Out of Water,"Animation,Adventure,Comedy"
98,Jason Bourne,"Action,Thriller"
99,Ice Age: Continental Drift,"Animation,Adventure,Comedy"
100,Straight Outta Compton,"Biography,Crime,Drama"
101,The Heat,"Action,Comedy,Crime"
102,Star Trek Beyond,"Action,Adventure,Sci-Fi"
103,X-Men: Apocalypse,"Action,Adventure,Sci-Fi"
104,San Andreas,"Action,Adventure,Drama"
105,Snow White and the Huntsman,"Action,Adventure,Drama"
106,Mad Max: Fury Road,"Action,Adventure,Sci-Fi"
107,Trolls,"Animation,Adventure,Comedy"
108,Divergent,"Adventure,Mystery,Sci-Fi"
109,We're the Millers,"Comedy,Crime"
110,Daddy's Home,"Comedy,Family"
111,American Hustle,"Crime,Drama"
112,Neighbors,"Comedy"
113,La La Land,"Comedy,Drama,Music"
114,Puss in Boots,"Animation,Action,Adventure"
115,Les Misérables,"Drama,Musical,Romance"
116,Hotel Transylvania,"Animation,Comedy,Family"
117,X: First Class,"Action,Adventure,Sci-Fi"
118,The Great Gatsby,"Drama,Romance"
119,Rio,"Animation,Adventure,Comedy"
120,Kung Fu Panda 3,"Animation,Action,Adventure"
121,The Smurfs,"Animation,Adventure,Comedy"
122,Taken 2,"Action,Crime,Thriller"
123,21 Jump Street,"Action,Comedy,Crime"
124,The Conjuring,"Horror,Mystery,Thriller"
125,Argo,"Biography,Drama,History"
126,Identity Thief,"Comedy,Crime"
127,Ride Along,"Action,Comedy,Crime"
128,Split,"Horror,Thriller"
129,Grown Ups 2,"Comedy"
130,Get Out,"Horror,Mystery"
131,Alvin and the Chipmunks: Chipwrecked,"Animation,Adventure,Comedy"
132,The Wolverine,"Action,Adventure,Sci-Fi"
133,Silver Linings Playbook,"Comedy,Drama,Romance"
134,Rio 2,"Animation,Adventure,Comedy"
135,The Peanuts Movie,"Animation,Adventure,Comedy"
136,Insurgent,"Adventure,Sci-Fi,Thriller"
137,Ghostbusters,"Action,Comedy,Fantasy"
138,Kingsman: The Secret Service,"Action,Adventure,Comedy"
139,Into the Woods,"Adventure,Comedy,Drama"
140,Central Intelligence,"Action,Comedy,Crime"
141,Super 8,"Mystery,Sci-Fi,Thriller"
142,The Legend of Tarzan,"Action,Adventure,Drama"
143,Lucy,"Action,Sci-Fi,Thriller"
144,Prometheus,"Adventure,Mystery,Sci-Fi"
145,Safe House,"Action,Crime,Mystery"
146,Lone Survivor,"Action,Biography,Drama"
147,Sully,"Biography,Drama"
148,The Vow,"Drama,Romance"
149,Life of Pi,"Adventure,Drama,Fantasy"
150,The Fault in Our Stars,"Drama,Romance"
151,Rango,"Animation,Adventure,Comedy"
152,The Good Dinosaur,"Animation,Adventure,Comedy"
153,G.I. Joe: Retaliation,"Action,Adventure,Sci-Fi"
154,Cloudy with a Chance of Meatballs 2,"Animation,Adventure,Comedy"
155,Now You See Me,"Crime,Mystery,Thriller"
156,Horrible Bosses,"Comedy,Crime"
157,The Wolf of Wall Street,"Biography,Comedy,Crime"
158,The Butler,"Biography,Drama"
159,Green Lantern,"Action,Adventure,Sci-Fi"
160,Unbroken,"Biography,Drama,Sport"
161,Night at the Museum 3,"Adventure,Comedy,Family"
162,Magic Mike,"Comedy,Drama"
163,The Bourne Legacy,"Action,Adventure,Mystery"
164,Bad Moms,"Comedy"
165,Fifty Shades Darker,"Drama,Romance"
166,The Hangover Part III,"Comedy,Crime"
167,Mr. Peabody & Sherman,"Animation,Adventure,Comedy"
168,Spy,"Action,Comedy,Crime"
169,Kong: Skull Island,"Action,Adventure,Fantasy"
170,Trainwreck,"Comedy,Drama,Romance"
171,Creed,"Drama,Sport"
172,Hop,"Animation,Adventure,Comedy"
173,Epic,"Animation,Adventure,Family"
174,Angry Birds,"Animation,Action,Adventure"
175,Captain Phillips,"Biography,Drama,Thriller"
176,300: Rise of an Empire,"Action,Drama,Fantasy"
177,Paranormal Activity 3,"Horror"
178,Journey 2: The Mysterious Island,"Action,Adventure,Comedy"
179,Rise of the Guardians,"Animation,Adventure,Family"
180,Independence Day: Resurgence,"Action,Adventure,Sci-Fi"
181,Just Go with It,"Comedy,Romance"
182,The Girl with the Dragon Tattoo,"Crime,Drama,Mystery"
183,The Conjuring 2,"Horror,Mystery,Thriller"
184,The Maze Runner,"Action,Mystery,Sci-Fi"
185,Bad Grandpa,"Comedy"
186,Pacific Rim,"Action,Adventure,Sci-Fi"
187,The Equalizer,"Action,Crime,Thriller"
188,This Is the End,"Comedy,Fantasy"
189,Noah,"Action,Adventure,Drama"
190,Arrival,"Drama,Mystery,Sci-Fi"
191,Bad Teacher,"Comedy"
192,Cowboys & Aliens,"Action,Sci-Fi,Thriller"
193,Edge of Tomorrow,"Action,Adventure,Sci-Fi"
194,Gnomeo & Juliet,"Animation,Comedy,Family"
195,Passengers,"Adventure,Drama,Romance"
196,Olympus Has Fallen,"Action,Thriller"
197,The Green Hornet,"Action,Comedy,Crime"
198,Sausage Party,"Animation,Adventure,Comedy"
199,Zero Dark Thirty,"Drama,History,Thriller"
200,42,"Biography,Drama,Sport"
